{"train_epoch_loss": 1.132153058230877, "_timestamp": 1760894740.4474037, "_runtime": 25081.953670740128, "_step": 2, "dress_recall_at10": 34.22459959983826, "dress_recall_at50": 50.267380475997925, "toptee_recall_at10": 62.5, "toptee_recall_at50": 62.5, "shirt_recall_at10": 33.57664346694946, "shirt_recall_at50": 45.255473256111145, "average_recall_at10": 43.43374768892924, "average_recall_at50": 52.67428457736969, "average_recall": 48.05401613314946}